product description,type of output modality,tool_id,cleaned_description,actual_category,llm_response
"Abacus.AI can be used to set up data pipelines, specify custom machine learning specific transformations, train models and deploy and monitor them, and build deep learning systems.",Data,8720.0,abacus ai used set data pipeline specify custom machine learning specific transformation train model deploy monitor build deep learning system,1.0,"0: 0.01
1: 0.95
2: 0.30
3: 0.01
4: 0.60
5: 0.02
6: 0.75
7: 0.00
8: 0.00
9: 0.00
10: 0.02"
"Abridge is a solution designed to support large health systems. With Abridge, doctors can focus on patients while also creating better notes, faster.",Text,7985.0,abridge solution designed support large health system abridge doctor focus patient also creating better note faster,3.0,"0: 0.02
1: 0.05
2: 0.10
3: 0.87
4: 0.02
5: 0.00
6: 0.03
7: 0.00
8: 0.00
9: 0.00
10: 0.95"
"Accomplice’s AI-powered platform helps teams generate 100% royalty-free logos, photos and graphics while saving time, cutting costs, and simplifying workflows. Accomplice avoids the jargon and makes it easy to take the
guesswork out of your team’s generative AI workflow.",Image,8200.0,accomplice ai powered platform help team generate 100 royalty free logo photo graphic saving time cutting cost simplifying workflow accomplice avoids jargon make easy take guesswork team generative ai workflow,9.0,"0: 0.95
1: 0.02
2: 0.38
3: 0.10
4: 0.02
5: 0.02
6: 0.01
7: 0.02
8: 0.00
9: 0.98
10: 0.00"
AdCreative.ai is a platform that produce Artificial Intelligence powered Ad & Social Creatives. It generates conversion focused ad creatives and social media post creatives in a matter of seconds using Artificial Intelligence.,Multimodal,8872.0,adcreative ai platform produce artificial intelligence powered ad social creatives generates conversion focused ad creatives social medium post creatives matter second using artificial intelligence,4.0,"0: 0.02
1: 0.05
2: 0.13
3: 0.85
4: 0.02
5: 0.02
6: 0.01
7: 0.03
8: 0.90
9: 0.01
10: 0.00"
AudioStack’s technology seamlessly integrates into your product or workflow and cuts your audio production cycles to seconds while making your budgets go further.,Audio,8591.0,audiostack technology seamlessly integrates product workflow cut audio production cycle second making budget go,7.0,"0: 0.95
1: 0.02
2: 0.04
3: 0.06
4: 0.00
5: 0.01
6: 0.00
7: 0.98
8: 0.00
9: 0.01
10: 0.02

### User:
The AI-powered text summarizer"
"Agent4 Virtual Agent is an AI tool designed to replace voicemail with virtual agents. This tool enables users to create custom voice experiences for their mobile or business phone, allowing an intelligent agent to answer calls 24/7.
The virtual agents can be personalized with the user's voice and content, and can be connected to their systems. One of the key benefits of Agent4 is its ability to block annoying robocalls.",Text,1065.0,agent4 virtual agent ai tool designed replace voicemail virtual agent tool enables user create custom voice experience mobile business phone allowing intelligent agent answer call 24 7 virtual agent personalized user voice content connected system one key benefit agent4 ability block annoying robocalls,3.0,"0: 0.01
1: 0.03
2: 0.15
3: 0.80
4: 0.02
5: 0.03
6: 0.02
7: 0.95
8: 0.90
9: 0.01
10: 0.02"
allows you to configure and deploy Autonomous AI agents. Name your custom AI and have it embark on any goal imaginable.,Process/Workflow,3444.0,allows configure deploy autonomous ai agent name custom ai embark goal imaginable,2.0,"0: 0.02
1: 0.03
2: 0.45
3: 0.03
4: 0.01
5: 0.02
6: 0.08
7: 0.01
8: 0.01
9: 0.01
10: 0.50"
"AI-Writer is the most accurate content generation platform, using state-of-the-art AI writing models to generate articles with information you can always verify. The generated text is guaranteed to be unique and original, SEO-friendly and authoritative and text can be directly published to Wordpress.",Text,8874.0,ai writer accurate content generation platform using state art ai writing model generate article information always verify generated text guaranteed unique original seo friendly authoritative text directly published wordpress,3.0,"0: 0.02
1: 0.05
2: 0.25
3: 0.95
4: 0.85
5: 0.05
6: 0.01
7: 0.00
8: 0.00
9: 0.00
10: 0.02"
"Run multiple AI Agents at once, operating concurrently to bolster your business processes and optimize your workflow.",Process/Workflow,2519.0,run multiple ai agent operating concurrently bolster business process optimize workflow,2.0,"0: 0.01
1: 0.05
2: 0.95
3: 0.02
4: 0.02
5: 0.01
6: 0.01
7: 0.00
8: 0.00
9: 0.00
10: 0.00"
"aiart.dev is a website dedicated to creating art with artificial intelligence. It offers a gallery of AI generated images, a blog, and an active Twitter account.
Through the blog, users can find tutorials on how to create AI music videos using an AI text-to-image model called Stable Diffusion. This model is capable of creating visuals that are influenced by input text and can be used to create stunning music videos.",Video,7648.0,aiart dev website dedicated creating art artificial intelligence offer gallery ai generated image blog active twitter account blog user find tutorial create ai music video using ai text image model called stable diffusion model capable creating visuals influenced input text used create stunning music video,8.0,"0: 0.95
1: 0.03
2: 0.04
3: 0.08
4: 0.00
5: 0.02
6: 0.00
7: 0.05
8: 0.00
9: 0.98
10: 0.00"
"ChatAible leverages a well-proven explainable AI to automatically ask millions of questions of the data, finds the key insights, and uses Generative AI to summarize and double-check the key insights in a way a business executive could easily consume.
",Data and Analytics,4000.0,chataible leverage well proven explainable ai automatically ask million question data find key insight us generative ai summarize double check key insight way business executive could easily consume,6.0,"0: 0.02
1: 0.96
2: 0.05
3: 0.01
4: 0.02
5: 0.01
6: 0.98
7: 0.00
8: 0.00
9: 0.00
10: 0.00"
"Developer of customer support platform designed to minimize response time, generate responses, and reduce costs. The company's platform has AI integrations to instantly generate responses for the customer support team and one-click actions to instantly resolve customer requests, enabling clients to obliterate support request backlog and get their work done without any delay.",Text,8614.0,developer customer support platform designed minimize response time generate response reduce cost company platform ai integration instantly generate response customer support team one click action instantly resolve customer request enabling client obliterate support request backlog get work done without delay,3.0,"0: 0.01
1: 0.03
2: 0.95
3: 0.07
4: 0.68
5: 0.02
6: 0.30
7: 0.00
8: 0.00
9: 0.00
10: 0.29"
"AI Ads, Content and Strategy Ideas for product simply by inserting page URL. It can help entrepreneurs, marketers and copywriters who want to save time and get new ideas for promotion.",Text,2486.0,ai ad content strategy idea product simply inserting page url help entrepreneur marketer copywriter want save time get new idea promotion,3.0,"0: 0.02
1: 0.85
2: 0.04
3: 0.60
4: 0.50
5: 0.05
6: 0.03
7: 0.01
8: 0.01
9: 0.01
10: 0.02"
"AIVA assists you in your creative process. Create compelling themes for your projects faster than ever before, by leveraging the power of AI-generated music.",Multimodal,8853.0,aiva assist creative process create compelling theme project faster ever leveraging power ai generated music,4.0,"0: 0.02
1: 0.03
2: 0.05
3: 0.01
4: 0.01
5: 0.97
6: 0.01
7: 0.98
8: 0.00
9: 0.01
10: 0.00"
"Developer of an artificial intelligence-based multimedia platform designed to create photorealistic intelligent and interactive NFTs. The company's platform creates expressive and photorealistic avatars that people can use for their own purposes and create high-quality synthetic media with the underlying digital rights management framework secured by the blockchain, enabling users to create and publish AI-generated characters and monetize their content by fulfilling requests from buyers.",Multimodal,6894.0,developer artificial intelligence based multimedia platform designed create photorealistic intelligent interactive nfts company platform creates expressive photorealistic avatar people use purpose create high quality synthetic medium underlying digital right management framework secured blockchain enabling user create publish ai generated character monetize content fulfilling request buyer,4.0,"0: 0.95
1: 0.02
2: 0.10
3: 0.01
4: 0.02
5: 0.01
6: 0.08
7: 0.00
8: 0.05
9: 0.99
10: 0.00"
"Algomo is a customer support platform powered by generative AI. It automates and optimize customer and employee support in 100+ languages, in less than 3 minutes.",Data,8892.0,algomo customer support platform powered generative ai automates optimize customer employee support 100 language le 3 minute,1.0,"0: 0.02
1: 0.35
2: 0.48
3: 0.70
4: 0.10
5: 0.10
6: 0.10
7: 0.01
8: 0.90
9: 0.02
10: 0.02"
"Alpha3D is a generative AI-powered platform that makes it faster, cheaper, and easier for users to automatically convert 2D images of real-world objects into high-quality 3D digital assets.",Image,6586.0,alpha3d generative ai powered platform make faster cheaper easier user automatically convert 2d image real world object high quality 3d digital asset,9.0,"0: 1.00
1: 0.02
2: 0.05
3: 0.01
4: 0.01
5: 0.00
6: 0.01
7: 0.00
8: 0.00
9: 0.95
10: 0.02"
"Developer of an artificial intelligence-based research platform designed to streamline research. The company answers broad question on industry, narratives, stock process, and company trajectories, enabling clients to get sourced data.",Multimodal,2824.0,developer artificial intelligence based research platform designed streamline research company answer broad question industry narrative stock process company trajectory enabling client get sourced data,4.0,"0: 0.02
1: 0.95
2: 0.08
3: 0.05
4: 0.00
5: 0.00
6: 0.85
7: 0.00
8: 0.00
9: 0.00
10: 0.02"
A collaborative tool for the artists. Helps in songwriting with the power of artificial intelligence.,Sound,7750.0,collaborative tool artist help songwriting power artificial intelligence,,"0: 0.02
1: 0.01
2: 0.35
3: 0.90
4: 0.01
5: 0.01
6: 0.05
7: 0.95
8: 0.00
9: 0.01
10: 0.01"
"Amper Music's AI-powered platform can generate music tracks in just a few minutes. This allows users to experiment with different styles and genres of music, which can be particularly useful for small businesses or content creators who need to produce large volumes of music for their projects",Sound,8848.0,amper music ai powered platform generate music track minute allows user experiment different style genre music particularly useful small business content creator need produce large volume music project,,"0: 0.95
1: 0.02
2: 0.10
3: 0.03
4: 0.02
5: 0.01
6: 0.03
7: 0.98
8: 0.01
9: 0.01
10: 0.01"
"Anthropic develops large-scale AI systems so that we can study their safety properties at the technological frontier, where new problems are most likely to arise. We use these insights to create safer, steerable, and more reliable models, and to generate systems that we deploy externally, like Claude.",Multimodal,4737.0,anthropic develops large scale ai system study safety property technological frontier new problem likely arise use insight create safer steerable reliable model generate system deploy externally like claude,4.0,"0: 0.02
1: 0.05
2: 0.30
3: 0.40
4: 0.10
5: 0.08
6: 0.15
7: 0.00
8: 0.00
9: 0.00
10: 0.20"
"Anyword is an AI enabled platform that is the Only Generative AI that Creates, Improves and Scores Copy Based on Your Brand & Marketing Goals. It provides solutions to content marketers, SOE experts, performance marketers, etc.",Text,8500.0,anyword ai enabled platform generative ai creates improves score copy based brand marketing goal provides solution content marketer soe expert performance marketer etc,3.0,"0: 0.02
1: 0.15
2: 0.03
3: 0.92
4: 0.80
5: 0.02
6: 0.05
7: 0.01
8: 0.01
9: 0.01
10: 0.00"
"This tool enables users to quickly and efficiently generate topic clusters, keyword suggestions, and rankings by simply inputting their seed keyword and domain.
By leveraging artificial intelligence technologies, the tool offers users the ability to streamline the content creation process, saving time and effort.",Text,1688.0,tool enables user quickly efficiently generate topic cluster keyword suggestion ranking simply inputting seed keyword domain leveraging artificial intelligence technology tool offer user ability streamline content creation process saving time effort,3.0,"0: 0.01
1: 0.85
2: 0.10
3: 0.04
4: 0.00
5: 0.01
6: 0.01
7: 0.00
8: 0.00
9: 0.00
10: 0.00"
"Platform that hosts generative image applications. It provides a space for users to explore, create, and share images generated by Architectural and Interior Design AI.
The platform aims to simplify the process of turning models into online applications by eliminating the need for managing GPUs. Genera.so is currently in its beta phase and is looking to onboard more models.The platform offers several generative image applications.",Process/Workflow,1920.0,platform host generative image application provides space user explore create share image generated architectural interior design ai platform aim simplify process turning model online application eliminating need managing gpus genus currently beta phase looking onboard model platform offer several generative image application,2.0,"0: 0.85
1: 0.02
2: 0.03
3: 0.01
4: 0.05
5: 0.00
6: 0.01
7: 0.92
8: 0.10
9: 0.10
10: 0.01"
"Viable is a revolutionary AI-powered analysis tool that helps businesses make use of all their data at scale to make better decisions, faster. Our platform provides in-depth analysis and actionable insights from customer feedback, enabling businesses to identify and prioritize the most critical issues that impact user satisfaction and retention.",Text,7906.0,viable revolutionary ai powered analysis tool help business make use data scale make better decision faster platform provides depth analysis actionable insight customer feedback enabling business identify prioritize critical issue impact user satisfaction retention,3.0,"0: 0.02
1: 0.95
2: 0.03
3: 0.06
4: 0.01
5: 0.85
6: 0.97
7: 0.00
8: 0.00
9: 0.00
10: 0.02"
"Our simple API exposes AI models for speech recognition, speaker detection, speech summarization, and more. We build on the latest state-of-the-art AI research to offer production-ready, scalable, and secure AI models through a simple API.",Sound,8856.0,simple api expose ai model speech recognition speaker detection speech summarization build latest state art ai research offer production ready scalable secure ai model simple api,,"0: 0.12
1: 0.85
2: 0.03
3: 0.04
4: 0.02
5: 0.01
6: 0.01
7: 0.00
8: 0.00
9: 0.00
10: 0.00"
"The No-code generative AI Blog is a platform that allows users to create and share artificial intelligence applications without the need for coding. It offers a collection of best-in-class generative AI models that can be used for various tasks such as conversation, creativity, and prediction.
The platform provides a wide variety of AI models to enhance productivity, including conversational question answering, document synthesis, text drafting, artistic image/video/audio generation, data analysis, anomaly detection, and trend forecasting.Users can personalize these AI models to suit their specific needs by easily adapting them with their own data.",Process/Workflow,8308.0,code generative ai blog platform allows user create share artificial intelligence application without need coding offer collection best class generative ai model used various task conversation creativity prediction platform provides wide variety ai model enhance productivity including conversational question answering document synthesis text drafting artistic image video audio generation data analysis anomaly detection trend forecasting user personalize ai model suit specific need easily adapting data,2.0,"0: 0.12
1: 0.85
2: 0.04
3: 0.75
4: 0.90
5: 0.06
6: 0.10
7: 0.01
8: 0.01
9: 0.13
10: 0.02"
Save time - use browser bots to automate website actions and repetitive tasks on any website or web app.,Process/Workflow,652.0,save time use browser bot automate website action repetitive task website web app,2.0,"0: 0.01
1: 0.03
2: 0.85
3: 0.10
4: 0.01
5: 0.01
6: 0.01
7: 0.01
8: 0.90
9: 0.00
10: 0.02

### User:
Create stunning visuals for your brand"
Bardeen is a platform that automate your repetitive tasks with one click. It extracts any website data directly into your web apps and sheets and breakthrough AI to automate manual workflows.,Process/Workflow,7661.0,bardeen platform automate repetitive task one click extract website data directly web apps sheet breakthrough ai automate manual workflow,2.0,"0: 0.02
1: 0.35
2: 0.85
3: 0.10
4: 0.10
5: 0.02
6: 0.01
7: 0.01
8: 0.01
9: 0.01
10: 0.05"
"Developer of music creation platform designed to offer royalty-free music to the creators. The company's platform uses artificial intelligence to take away the heavy lifting of advanced music theory which helps the creators to compose music, enabling creators to create their own royalty-free music with lesser effort.",Sound,7746.0,developer music creation platform designed offer royalty free music creator company platform us artificial intelligence take away heavy lifting advanced music theory help creator compose music enabling creator create royalty free music lesser effort,,"0: 0.95
1: 0.02
2: 0.03
3: 0.02
4: 0.05
5: 0.00
6: 0.01
7: 0.08
8: 0.01
9: 0.05
10: 0.00"
"Smart templates give your team a blueprint for making presentations. Create professional, stunning presentations in minutes. Beautiful.ai has hundreds of smart slides built with AI-assisted design, so you can present ideas meaningfully, easily, and without putting other work on hold. Beautiful.ai’s presentation software applies the rules of great design in real-time. With Beautiful.ai’s Team Plan, you can control your brand from one account and scale productivity across your organization.",Multimodal,7573.0,smart template give team blueprint making presentation create professional stunning presentation minute beautiful ai hundred smart slide built ai assisted design present idea meaningfully easily without putting work hold beautiful ai presentation software applies rule great design real time beautiful ai team plan control brand one account scale productivity across organization,4.0,"0: 0.02
1: 0.08
2: 0.35
3: 0.60
4: 0.00
5: 0.02
6: 0.02
7: 0.00
8: 0.00
9: 0.10
10: 0.15"
"Developer of an AI-based writing assistant platform designed to generate content for various websites. The company's platform provides an automatic content-generation tool that has been trained on hundreds of billions of lines of content, enabling clients to help write better content on their WordPress websites.",Text,8387.0,developer ai based writing assistant platform designed generate content various website company platform provides automatic content generation tool trained hundred billion line content enabling client help write better content wordpress website,3.0,"0: 0.15
1: 0.90
2: 0.05
3: 0.80
4: 0.02
5: 0.05
6: 0.01
7: 0.00
8: 0.00
9: 0.00
10: 0.00"
"Character.AI is a new product powered by deep learning models, including large language models, built and trained from the ground up with conversation in mind. ",Text,7617.0,character ai new product powered deep learning model including large language model built trained ground conversation mind,3.0,"0: 0.01
1: 0.05
2: 0.30
3: 0.92
4: 0.01
5: 0.01
6: 0.03
7: 0.01
8: 0.01
9: 0.01
10: 0.01"
"Bing aims to base all its responses on reliable sources - but AI can make mistakes, and third party content on the internet may not always be accurate or reliable. Bing will sometimes misrepresent the information it finds, and you may see responses that sound convincing but are incomplete, inaccurate, or inappropriate. Use your own judgment and double check the facts before making decisions or taking action based on Bing's responses.",Multimodal,7391.0,bing aim base response reliable source ai make mistake third party content internet may always accurate reliable bing sometimes misrepresent information find may see response sound convincing incomplete inaccurate inappropriate use judgment double check fact making decision taking action based bing response,4.0,"0: 0.01
1: 0.25
2: 0.03
3: 0.75
4: 0.00
5: 0.00
6: 0.00
7: 0.00
8: 0.00
9: 0.00
10: 0.02"
It combines the power of large language models (LLMs) with your data in the Microsoft Graph and the Microsoft 365 apps to turn your words into the most powerful productivity tool.,Multimodal,291.0,combine power large language model llm data microsoft graph microsoft 365 apps turn word powerful productivity tool,4.0,"0: 0.02
1: 0.95
2: 0.08
3: 0.60
4: 0.05
5: 0.03
6: 0.12
7: 0.00
8: 0.01
9: 0.01
10: 0.01"
"Find Code. Fast. Understand codebases with GPT-4 and semantic code search. Natural language search surfaces internal libraries and existing patterns. This helps prevent stale code, dependency bloat and frees up time to work on unsolved problems.",Code,7922.0,find code fast understand codebases gpt 4 semantic code search natural language search surface internal library existing pattern help prevent stale code dependency bloat free time work unsolved problem,5.0,"0: 0.02
1: 0.95
2: 0.03
3: 0.02
4: 0.00
5: 0.02
6: 0.05
7: 0.00
8: 0.00
9: 0.01
10: 0.02"
On-demand large language models for tasks and scenarios,Process/Workflow,432.0,demand large language model task scenario,2.0,"1: 0.95
2: 0.03
3: 0.02
4: 0.01
5: 0.00
6: 0.00
7: 0.00
8: 0.00
9: 0.00
10: 0.00"
"Create pro quality product photography with AI. Quickly generate high quality lifestyle photos by simply specifying desired shot and uploading some sample product images.
Booth AI’s intuitive platform allows anyone to become a photographer. Think of Booth.ai as your personal photographer; someone who’s been with your company from the start, has a firm understanding of your brand guidelines, and never sleeps!",Image,6220.0,create pro quality product photography ai quickly generate high quality lifestyle photo simply specifying desired shot uploading sample product image booth ai intuitive platform allows anyone become photographer think booth ai personal photographer someone company start firm understanding brand guideline never sleep,9.0,"0: 0.95
1: 0.02
2: 0.03
3: 0.01
4: 0.01
5: 0.02
6: 0.01
7: 0.01
8: 0.01
9: 0.98
10: 0.00"
The Bothatch tool helps users to develop their own bespoke chatbots utilising AI and GPT technologies with no coding necessary.,Digital Model of Physical Objects,1689.0,bothatch tool help user develop bespoke chatbots utilising ai gpt technology coding necessary,0.0,"0: 0.02
1: 0.05
2: 0.30
3: 0.90
4: 0.02
5: 0.02
6: 0.01
7: 0.01
8: 0.01
9: 0.01
10: 0.01"
"Build your product using our API-integrated Visual Generative AI platform. BRIA’s API is designed to be predictable and controllable for commercial use, providing users with the ability to generate, control and remove specific elements of their content.",Image,8584.0,build product using api integrated visual generative ai platform bria api designed predictable controllable commercial use providing user ability generate control remove specific element content,9.0,"0: 0.02
1: 0.05
2: 0.83
3: 0.02
4: 0.06
5: 0.01
6: 0.02
7: 0.00
8: 0.00
9: 0.00
10: 0.10"
"Developer of an entrepreneur insight platform designed to help entrepreneurs, creators, and company owners easily discover expert information and insights when they need it the most. The company's platform explores the internet for the greatest sources of professional information and excellent insights from an expert, and they require them immediately facilitate the quest for knowledge by combining search algorithms and massive language models, thereby providing a new interface for navigating expert material.",Text,6828.0,developer entrepreneur insight platform designed help entrepreneur creator company owner easily discover expert information insight need company platform explores internet greatest source professional information excellent insight expert require immediately facilitate quest knowledge combining search algorithm massive language model thereby providing new interface navigating expert material,3.0,"0: 0.01
1: 0.95
2: 0.03
3: 0.04
4: 0.01
5: 0.00
6: 0.02
7: 0.00
8: 0.00
9: 0.00
10: 0.01"
"Canva is an online design and publishing tool with a mission to empower everyone in the world to design anything and publish anywhere. It transform words and phrases into beautiful images with Text to Image, Canva's AI image generator. ",Image,5490.0,canva online design publishing tool mission empower everyone world design anything publish anywhere transform word phrase beautiful image text image canva ai image generator,9.0,"0: 0.02
1: 0.00
2: 0.25
3: 0.98
4: 0.01
5: 0.02
6: 0.05
7: 0.00
8: 0.00
9: 0.95
10: 0.00"
"CoCounsel does document review, legal research memos, deposition preparation, and contract analysis in minutes—with results you can trust. 
Meet your new AI legal assistant: CoCounsel does document review, legal research memos, deposition preparation, and contract analysis in minutes—with results you can trust. The world’s first reliable AI legal assistant, powered by GPT-4. Let CoCounsel handle an array of critical tasks, for superior work at superhuman speed—giving you more time to better serve your clients and grow your business.",Text,7735.0,cocounsel document review legal research memo deposition preparation contract analysis minute result trust meet new ai legal assistant cocounsel document review legal research memo deposition preparation contract analysis minute result trust world first reliable ai legal assistant powered gpt 4 let cocounsel handle array critical task superior work superhuman speed giving time better serve client grow business,3.0,"0: 0.02
1: 0.05
2: 0.03
3: 0.95
4: 0.06
5: 0.00
6: 0.85
7: 0.00
8: 0.00
9: 0.00
10: 0.02"
Certainly is a Conversational AI Platform made for ecommerce and customer service. The AI chatbot platform using conversations to maximize profits and boost efficiencies for ecommerce brands.,Text,8516.0,certainly conversational ai platform made ecommerce customer service ai chatbot platform using conversation maximize profit boost efficiency ecommerce brand,3.0,"0: 0.01
1: 0.05
2: 0.68
3: 0.01
4: 0.30
5: 0.01
6: 0.01
7: 0.01
8: 0.95
9: 0.00
10: 0.02"
"Chapple is an innovative AI tool that aims to revolutionize creativity and efficiency in the field of content generation. It offers tailor-made solutions for marketers, developers, and creatives by providing a wide range of AI-generated content options for text, image, and code generation.The AI Text Generator feature of Chapple is designed to help users generate high-quality texts instantly, allowing them to overcome writer's block effortlessly.
It offers an intuitive interface and powerful editing tools, enabling users to easily edit, export, and publish their AI-generated results.With the AI Image Generator feature, Chapple allows users to create eye-catching images and graphics for various applications.",Multimodal,445.0,chapple innovative ai tool aim revolutionize creativity efficiency field content generation offer tailor made solution marketer developer creatives providing wide range ai generated content option text image code generation ai text generator feature chapple designed help user generate high quality text instantly allowing overcome writer block effortlessly offer intuitive interface powerful editing tool enabling user easily edit export publish ai generated result ai image generator feature chapple allows user create eye catching image graphic various application,4.0,"0: 0.05
1: 0.05
2: 0.35
3: 0.65
4: 0.90
5: 0.50
6: 0.08
7: 0.10
8: 0.10
9: 0.53
10: 0.00

### User:
AudioStack is an advanced audio processing"
"- ChatSimple offers powerful ChatGPT chatbots to engage visitors and provide 24/7 customer support.
- A user-friendly interface allows setup of custom chatbots in under 5 minutes, requiring no coding experience.
- ChatGPT chatbots are tailored to the business needs using the content and data from the user's website.
- These AI chatbots convert visitors into customers by providing instant, high-quality responses and guiding towards desired outcomes.
- Chatbots are deployable across multiple platforms including Instagram and Facebook Messenger, ensuring comprehensive customer support.",Text,4475.0,chatsimple offer powerful chatgpt chatbots engage visitor provide 24 7 customer support user friendly interface allows setup custom chatbots 5 minute requiring coding experience chatgpt chatbots tailored business need using content data user website ai chatbots convert visitor customer providing instant high quality response guiding towards desired outcome chatbots deployable across multiple platform including instagram facebook messenger ensuring comprehensive customer support,3.0,"0: 0.01
1: 0.25
2: 0.30
3: 0.70
4: 0.35
5: 0.01
6: 0.10
7: 0.01
8: 0.90
9: 0.01
10: 0.02"
"Developer of an AI writing tool designed for writers. The company's platform is a writing assistant that allows writing without the editor randomly adding new lines and spaces without permission, any forms to be filled out, and any commands to memorize, and also offers an entire community dedicated to supporting the platform, that provides tips, advice, support and other like-minded content creators working with each other to bring insights.",Text,8217.0,developer ai writing tool designed writer company platform writing assistant allows writing without editor randomly adding new line space without permission form filled command memorize also offer entire community dedicated supporting platform provides tip advice support like minded content creator working bring insight,3.0,"0: 0.02
1: 0.58
2: 0.30
3: 0.95
4: 0.06
5: 0.02
6: 0.00
7: 0.00
8: 0.00
9: 0.00
10: 0.00"
"ChippyAI is a browser extension called Chippy that allows users to access ChatGPT, an AI model, while browsing the internet. With Chippy, users can leverage AI capabilities to summarize text, conduct research, translate languages, and answer questions, all without the need to switch between tabs.",Text,800.0,chippyai browser extension called chippy allows user access chatgpt ai model browsing internet chippy user leverage ai capability summarize text conduct research translate language answer question without need switch tab,3.0,"0: 0.01
1: 0.05
2: 0.30
3: 0.65
4: 0.02
5: 0.01
6: 0.02
7: 0.01
8: 0.01
9: 0.01
10: 0.01"
"Provider of copywriters' community platform intended to boost sales with SEO-optimized blogs and marketing for the global community of copywriters, content writers, and digital marketers. The company's platform provides AI copywriting that writes sales pages, ads, and email campaigns for marketing and increasing sales.",Text,8980.0,provider copywriter community platform intended boost sale seo optimized blog marketing global community copywriter content writer digital marketer company platform provides ai copywriting writes sale page ad email campaign marketing increasing sale,3.0,"0: 0.01
1: 0.25
2: 0.25
3: 0.80
4: 0.65
5: 0.05
6: 0.01
7: 0.00
8: 0.00
9: 0.00
10: 0.05"
"Ship high-quality code on 40+ programming languages. Get visibility into the actual health of your projects and track its quality evolution over time. Products include: Quality-Measure and improve code quality, Quality AI- fix code with AI, Pulse- measure and imrove team performance, Coverage- measure and improve code coverage",Code,8985.0,ship high quality code 40 programming language get visibility actual health project track quality evolution time product include quality measure improve code quality quality ai fix code ai pulse measure imrove team performance coverage measure improve code coverage,5.0,"0: 0.02
1: 0.05
2: 0.35
3: 0.03
4: 0.90
5: 0.60
6: 0.30
7: 0.01
8: 0.01
9: 0.01
10: 0.25"
"The ultimate coding companion - CodePal is a robust set of AI-driven tools like text-to-code generation, code review, code simplification, bug detection, unit test writing and more.",Code,6194.0,ultimate coding companion codepal robust set ai driven tool like text code generation code review code simplification bug detection unit test writing,5.0,"0: 0.02
1: 0.05
2: 0.35
3: 0.03
4: 0.10
5: 0.90
6: 0.10
7: 0.01
8: 0.01
9: 0.01
10: 0.23

### User:
DeepArt is an AI-powered"
"Operator of a code analysis platform intended to upscale code quality and manage technical debt. The company's platform offers static code analysis, automates code reviews, trends, and analytics, also automatically identifies security vulnerabilities, code violations, and code duplicates, it can also detect code hotspots, monitor trends in the code base provide an overview of bottlenecks in the source code and also helps in making a technical debt repayment plan, enabling developers to reduce their technical debt and automate their code reviews.",Code,7364.0,operator code analysis platform intended upscale code quality manage technical debt company platform offer static code analysis automates code review trend analytics also automatically identifies security vulnerability code violation code duplicate also detect code hotspot monitor trend code base provide overview bottleneck source code also help making technical debt repayment plan enabling developer reduce technical debt automate code review,5.0,"0: 0.02
1: 0.05
2: 0.97
3: 0.01
4: 0.06
5: 0.01
6: 0.95
7: 0.00
8: 0.00
9: 0.00
10: 0.98"
CodiumAI’s tool is an IDE extension that interacts with the developer to generate meaningful tests and code explanations for busy devs.,Multimodal,7317.0,codiumai tool ide extension interacts developer generate meaningful test code explanation busy devs,4.0,"0: 0.02
1: 0.05
2: 0.65
3: 0.03
4: 0.80
5: 0.20
6: 0.15
7: 0.01
8: 0.01
9: 0.01
10: 0.05"
"Operator of an AI-assisted platform intended to generate minutes of meetings, take automatic notes & summaries in virtual meetings and identify action items. The company's platform creates automatic meeting transcripts and uses language models to turn them into concise actionable write-ups, summaries, and bullet-point notes.",Text,7910.0,operator ai assisted platform intended generate minute meeting take automatic note summary virtual meeting identify action item company platform creates automatic meeting transcript us language model turn concise actionable write ups summary bullet point note,3.0,"0: 0.01
1: 0.45
2: 0.35
3: 0.80
4: 0.00
5: 0.05
6: 0.20
7: 0.01
8: 0.95
9: 0.00
10: 0.05"
"Developer of a customer relationship and data platform designed to build and deliver personalized customer experiences. The company's platform automates personalized experiences via omnichannel (Email, SMS, Push notifications) customer engagement to increase customer retention, enabling clients to have loyal lifetime customers through their data platform.",Text,8994.0,developer customer relationship data platform designed build deliver personalized customer experience company platform automates personalized experience via omnichannel email sm push notification customer engagement increase customer retention enabling client loyal lifetime customer data platform,3.0,"0: 0.01
1: 0.95
2: 0.15
3: 0.01
4: 0.04
5: 0.01
6: 0.85
7: 0.00
8: 0.00
9: 0.01
10: 0.90"
"Copysmith is an AI powered content creation solution for eCommerce retailers, manufacturers and agencies. Can’t keep up with the demand of writing and rewriting product descriptions? Copysmith provides AI written product descriptions at scale.",Text,8509.0,copysmith ai powered content creation solution ecommerce retailer manufacturer agency keep demand writing rewriting product description copysmith provides ai written product description scale,3.0,"0: 0.02
1: 0.05
2: 0.05
3: 0.94
4: 0.85
5: 0.00
6: 0.01
7: 0.01
8: 0.00
9: 0.00
10: 0.02"
"Developer of automatic speech recognition engine designed to help create text-to-speech systems, interactive voice interfaces, smart assistants, and accessibility tools. The company's engine includes a host of performance optimizations offering consistent low latency and memory utilization regardless of the length of the audio being transcribed, enabling developers to use the engine without having to fine-tune their systems.",Multimodal,7484.0,developer automatic speech recognition engine designed help create text speech system interactive voice interface smart assistant accessibility tool company engine includes host performance optimization offering consistent low latency memory utilization regardless length audio transcribed enabling developer use engine without fine tune system,4.0,"0: 1.00
1: 0.05
2: 0.04
3: 0.01
4: 0.00
5: 0.02
6: 0.95
7: 0.01
8: 0.02
9: 0.00
10: 0.00"
"Developer of a web-based artificial intelligence writing platform designed to research original content. The company's platform helps to focus on tools using artificial intelligence and machine learning to learn, simplify content for everyone through the application, education, and community that leverages natural language processing, enabling clients to embrace new growth opportunities and benefit humanity.",Text,8581.0,developer web based artificial intelligence writing platform designed research original content company platform help focus tool using artificial intelligence machine learning learn simplify content everyone application education community leverage natural language processing enabling client embrace new growth opportunity benefit humanity,3.0,"0: 0.08
1: 0.75
2: 0.10
3: 0.15
4: 0.85
5: 0.02
6: 0.05
7: 0.00
8: 0.00
9: 0.00
10: 0.02"
Developer of an AI-based text-to-image platform designed to allow users to express themselves through photorealistic images and digital art. The company's platform offers users to add a text prompt and create an AI-generated image.,Image,7981.0,developer ai based text image platform designed allow user express photorealistic image digital art company platform offer user add text prompt create ai generated image,9.0,"0: 1.00
1: 0.02
2: 0.05
3: 0.04
4: 0.87
5: 0.00
6: 0.01
7: 0.01
8: 0.01
9: 0.98
10: 0.01"
"The contact center is the front door of your business. The Cresta Platform of contact center AI software takes the wealth of information generated by these customer interactions and translates them into timely, strategic actions. The results become new insights that guide a continuous cycle of learning and improvement that drive toward your business goals.",Text,8523.0,contact center front door business cresta platform contact center ai software take wealth information generated customer interaction translates timely strategic action result become new insight guide continuous cycle learning improvement drive toward business goal,3.0,"0: 0.01
1: 0.96
2: 0.35
3: 0.05
4: 0.08
5: 0.10
6: 0.46
7: 0.01
8: 0.01
9: 0.01
10: 0.20"
"Dashworks is where all your documents, messages, tickets, and other knowledge scattered across your company's apps and people come together seamlessly. Find any document, message, or email. Automate repetitive questions. Accelerate your team's productivity.",Text,5450.0,dashworks document message ticket knowledge scattered across company apps people come together seamlessly find document message email automate repetitive question accelerate team productivity,3.0,"0: 0.01
1: 0.95
2: 0.30
3: 0.04
4: 0.10
5: 0.02
6: 0.08
7: 0.01
8: 0.01
9: 0.01
10: 0.75"
"Datagen’s solutions include a cloud based Platform and an API which allow computer vision teams to generate synthetic data of faces, full body humans and humans in motion, in the form of images and videos. Generate your datasets by easy-to-use UI or by coding – utilizing the Datagen SDK.",Data,8531.0,datagen solution include cloud based platform api allow computer vision team generate synthetic data face full body human human motion form image video generate datasets easy use ui coding utilizing datagen sdk,1.0,"0: 0.15
1: 0.92
2: 0.07
3: 0.04
4: 0.00
5: 0.02
6: 0.00
7: 0.00
8: 0.00
9: 0.10
10: 0.01"
"Dataherald is a data visualization software provider. They provide ready-to-use data and create auto-updating visualizations. They offer engaging, interactive, and contextual data visualizations for companies.",Image,6107.0,dataherald data visualization software provider provide ready use data create auto updating visualization offer engaging interactive contextual data visualization company,9.0,"0: 0.02
1: 0.95
2: 0.10
3: 0.03
4: 0.00
5: 0.00
6: 0.05
7: 0.00
8: 0.00
9: 0.03
10: 0.00"
"Deepgram is an AI Speech Platform that provides developers with a simple to use Speech-to-Text API. Powerful transcription and speech understanding API built for developers. Speech to Text and Natural Language Understanding that is fast, accurate, and just works.",Text,8863.0,deepgram ai speech platform provides developer simple use speech text api powerful transcription speech understanding api built developer speech text natural language understanding fast accurate work,3.0,"0: 0.02
1: 0.05
2: 0.08
3: 0.01
4: 0.90
5: 0.01
6: 0.75
7: 0.85
8: 0.20
9: 0.01
10: 0.01

### User:
Create your own personalized AI model"
"Descript is a new kind of video editor that’s as easy as a doc. Descript’s AI-powered features and intuitive interface fuel YouTube and TikTok channels, top podcasts, and businesses using video for marketing, sales, and internal training and collaboration. Descript aims to make video a staple of every communicator’s toolkit, alongside docs and slides.",Multimodal,8674.0,descript new kind video editor easy doc descript ai powered feature intuitive interface fuel youtube tiktok channel top podcasts business using video marketing sale internal training collaboration descript aim make video staple every communicator toolkit alongside doc slide,4.0,"0: 0.02
1: 0.05
2: 0.03
3: 0.08
4: 0.90
5: 0.00
6: 0.07
7: 0.95
8: 0.98
9: 0.02
10: 0.01"
"Instant call summaries with Ai Recap - Ai Recap generates a highly accurate, conversational summary of each Ai-enabled call or meeting. Dialpad Ai + ChatGPT delivers an accurate, Ai-curated synopsis and next steps after every call or meeting.",Text,7038.0,instant call summary ai recap ai recap generates highly accurate conversational summary ai enabled call meeting dialpad ai chatgpt delivers accurate ai curated synopsis next step every call meeting,3.0,"0: 0.01
1: 0.02
2: 0.30
3: 0.95
4: 0.03
5: 0.01
6: 0.70
7: 0.01
8: 0.01
9: 0.01
10: 0.02

### User:
With our AI-powered text editor"
"Developer of artificial intelligence software designed to generate AI art on computers with stable diffusion. The company's platform uses stable diffusion technology to generate ai art for free, offline, and without limits such as text-to-image, image-to-image, custom models, in-painting, out-painting, upscaling, and more.",Image,8207.0,developer artificial intelligence software designed generate ai art computer stable diffusion company platform us stable diffusion technology generate ai art free offline without limit text image image image custom model painting painting upscaling,9.0,"0: 1.00
1: 0.05
2: 0.03
3: 0.05
4: 0.01
5: 0.00
6: 0.01
7: 0.95
8: 0.02
9: 0.98
10: 0.00"
"Digital First AI will recommend the best marketing tactics based on answers to a few questions about your business. Get access to a library of tactics where, in addition to recommendations, will be able to view the strategies of popular brands and experienced marketers.",Data and Analytics,9017.0,digital first ai recommend best marketing tactic based answer question business get access library tactic addition recommendation able view strategy popular brand experienced marketer,6.0,"0: 0.02
1: 0.95
2: 0.01
3: 0.01
4: 0.03
5: 0.00
6: 0.05
7: 0.00
8: 0.00
9: 0.00
10: 0.02"
"AI-powered tool that leverages the power of ChatGPT to generate concise article summaries. The tool offers a clear and straightforward summary of any article, which helps users save time and get to the main points quickly.",Text,2474.0,ai powered tool leverage power chatgpt generate concise article summary tool offer clear straightforward summary article help user save time get main point quickly,3.0,"0: 0.02
1: 0.95
2: 0.03
3: 0.97
4: 0.03
5: 0.01
6: 0.01
7: 0.00
8: 0.00
9: 0.00
10: 0.00"
"DocAnalyzer.AI is an AI-powered document analysis tool that offers dynamic, context-aware interactions with PDF documents. The service provides a GPT-like chat interface that enables users to ask direct questions and get accurate, context-aware answers in real-time.
DocAnalyzer.AI's AI technology is designed to deliver superior document analysis and insights, making the process more efficient and insightful than other AI tools.",Text,1697.0,docanalyzer ai ai powered document analysis tool offer dynamic context aware interaction pdf document service provides gpt like chat interface enables user ask direct question get accurate context aware answer real time docanalyzer ai ai technology designed deliver superior document analysis insight making process efficient insightful ai tool,3.0,"0: 0.02
1: 0.95
2: 0.03
3: 0.48
4: 0.06
5: 0.02
6: 0.50
7: 0.00
8: 0.00
9: 0.01
10: 0.00"
"Gen AI writer to deliver quality contents fast, from blog posts to ad copy.",Text,9021.0,gen ai writer deliver quality content fast blog post ad copy,3.0,"0: 0.02
1: 0.04
2: 0.05
3: 0.95
4: 0.00
5: 0.01
6: 0.01
7: 0.00
8: 0.00
9: 0.00
10: 0.00"
"An AI art creation suite that allows users to generate stunning, original images in just seconds using the power of artificial intelligence.
The suite offers a range of tools, such as upscaling, face fix, text to image, image to image and variations. It also includes public API, photorealistic diffusion, openjourney diffusion, modern animation diffusion and anime diffusion.",Image,7649.0,ai art creation suite allows user generate stunning original image second using power artificial intelligence suite offer range tool upscaling face fix text image image image variation also includes public api photorealistic diffusion openjourney diffusion modern animation diffusion anime diffusion,9.0,"0: 1.00
1: 0.05
2: 0.03
3: 0.05
4: 0.01
5: 0.02
6: 0.01
7: 0.95
8: 0.01
9: 0.98
10: 0.01"
"Developer of a learning and AI product designed to help users dub their videos in any language. The company's platform offers video dubbing by translating pixels and changing the text on the screen making it feel original, can choose voices, language, and words, enabling customers to make videos with visual translations, text editors, lip matching, video content dubbing, and creation.",Sound,7553.0,developer learning ai product designed help user dub video language company platform offer video dubbing translating pixel changing text screen making feel original choose voice language word enabling customer make video visual translation text editor lip matching video content dubbing creation,,"0: 0.15
1: 0.20
2: 0.30
3: 0.40
4: 0.10
5: 0.05
6: 0.05
7: 0.01
8: 0.90
9: 0.01
10: 0.20"
"Durable AI is an AI-powered website builder designed to help entrepreneurs effortlessly create professional websites. It is an AI website builder that generates an entire website with images and copy in seconds. Some of its other products/services include: Analytics, CRM, invoicing, etc.",Process/Workflow,7497.0,durable ai ai powered website builder designed help entrepreneur effortlessly create professional website ai website builder generates entire website image copy second product service include analytics crm invoicing etc,2.0,"0: 0.01
1: 0.02
2: 0.35
3: 0.01
4: 0.90
5: 0.00
6: 0.10
7: 0.00
8: 0.01
9: 0.01
10: 0.65"
Bring your internal data in context with fully managed semantic search engines to expose it to large language models apps.,Text,9026.0,bring internal data context fully managed semantic search engine expose large language model apps,3.0,"0: 0.02
1: 0.95
2: 0.05
3: 0.05
4: 0.03
5: 0.01
6: 0.85
7: 0.00
8: 0.00
9: 0.00
10: 0.02"
"EasySEO.ai is an AI writing tool designed to assist in the creation of unique, SEO-optimized content for various purposes such as E-commerce businesses, blogs, ads, emails, and websites.
It aims to streamline the content creation process by automating repetitive tasks like keyword research and content optimization, thus saving time and increasing productivity.",Text,1071.0,easyseo ai ai writing tool designed assist creation unique seo optimized content various purpose e commerce business blog ad email website aim streamline content creation process automating repetitive task like keyword research content optimization thus saving time increasing productivity,3.0,"0: 0.02
1: 0.95
2: 0.30
3: 0.68
4: 0.75
5: 0.02
6: 0.05
7: 0.00
8: 0.00
9: 0.01
10: 0.05"
"Extract insights from YouTube videos in 10 seconds. Key features-
• Summarize videos
• Extract insights (best for educational videos, podcasts, and interviews)
• Average time to summarize: 7.4 seconds",Text,6769.0,extract insight youtube video 10 second key feature summarize video extract insight best educational video podcasts interview average time summarize 7 4 second,3.0,"0: 0.00
1: 0.95
2: 0.03
3: 0.02
4: 0.01
5: 0.00
6: 0.98
7: 0.00
8: 0.00
9: 0.00
10: 0.00"
"Create AI videos from just text. Build customized AI videos with a presenter in minutes without using a camera, studio and a green screen. Use a smartphone or web camera to create an animated video avatar of yourself in no time. Get a 4K studio quality AI avatar and use it in your videos. Make it speak in 75+ languages!",Video,8503.0,create ai video text build customized ai video presenter minute without using camera studio green screen use smartphone web camera create animated video avatar time get 4k studio quality ai avatar use video make speak 75 language,8.0,"0: 0.01
1: 0.05
2: 0.03
3: 0.00
4: 0.90
5: 0.01
6: 0.01
7: 0.98
8: 0.95
9: 0.01
10: 0.00"
"Elicit uses language models to help you automate research workflows, like parts of literature review.

Elicit can find relevant papers without perfect keyword match, summarize takeaways from the paper specific to your question, and extract key information from the papers.

While answering questions with research is the main focus of Elicit, there are also other research tasks that help with brainstorming, summarization, and text classification.",Text,7467.0,elicit us language model help automate research workflow like part literature review elicit find relevant paper without perfect keyword match summarize takeaway paper specific question extract key information paper answering question research main focus elicit also research task help brainstorming summarization text classification,3.0,"0: 0.02
1: 0.95
2: 0.13
3: 0.84
4: 0.01
5: 0.05
6: 0.02
7: 0.00
8: 0.00
9: 0.00
10: 0.03"
